Asset_Name,Asset_Type,Entity,Geolocation,IP_Address,Function,Process,start_date,end_date,Asset_Color,Entity_Color,Function_Color,Geolocation_Color,Process_Color
firewall_Distribuidas,Server,GR CHIA SAS,BOGOTA,Not Assigned,Undefined,Undefined,,,#bad1e5,#767676,#cfe5cf,"
#e8cc8b",#d44b2a
GRC_FT_FW_IFX,Log Source,GR CHIA SAS,BOGOTA,172.201.2.1,Undefined,Undefined,,,#bad1e5,#767676,#cfe5cf,"
#e8cc8b",#d44b2a
GRC_FT_FW_MERCANET,Log Source,GR CHIA SAS,BOGOTA,172.201.1.1,Undefined,Undefined,,,#bad1e5,#767676,#cfe5cf,"
#e8cc8b",#d44b2a
FW_Distribuidas,Firewall,GR CHIA SAS,BOGOTA,IP_Address,Undefined,Undefined,,,#bad1e5,#767676,#cfe5cf,"
#e8cc8b",#d44b2a
GRC_FT_FW_Distribuida,Log Source,GR CHIA SAS,BOGOTA,20.20.20.1,Undefined,Undefined,,,#bad1e5,#767676,#cfe5cf,"
#e8cc8b",#d44b2a
firewall_IFX,Firewall,GR CHIA SAS,BOGOTA,172.201.2.1,Undefined,Undefined,,,#bad1e5,#767676,#cfe5cf,"
#e8cc8b",#d44b2a
firewall_MERCANET,Firewall,GR CHIA SAS,BOGOTA,172.201.1.1,Undefined,Undefined,,,#bad1e5,#767676,#cfe5cf,"
#e8cc8b",#d44b2a
,,,,,,,,,,,,,
,,,,,,,,,,,,,
,,,,,,,,,,,,,
