Asset_Name,Asset_Type,Entity,Geolocation,IP_Address,Function,Process,start_date,end_date,Asset_Color,Entity_Color,Function_Color,Geolocation_Color,Process_Color
SRP_LN_SRV_plm-f5-dns-sura-02.pe,Log Source,SURA ASSET MANAGEMENT PERU S.A,Peru,plm-f5-dns-sura-02.pe,undefined,undefined,,,#bad1e5,#767676,#cfe5cf,"
#e8cc8b",#d44b2a
SRP_LN_SRV_PLM-F5-SURA-01.pe.intranet,Log Source,SURA ASSET MANAGEMENT PERU S.A,Peru,PLM-F5-SURA-01.pe.intranet,undefined,undefined,,,#bad1e5,#767676,#cfe5cf,"
#e8cc8b",#d44b2a
SRP_LN_SRV_PLM-F5-SURA-02,Log Source,SURA ASSET MANAGEMENT PERU S.A,Peru,PLM-F5-SURA-02,undefined,undefined,,,#bad1e5,#767676,#cfe5cf,"
#e8cc8b",#d44b2a
SRP_LN_SRV_PLM-F5-SURA-02.pe.intranet,Log Source,SURA ASSET MANAGEMENT PERU S.A,Peru,PLM-F5-SURA-02.pe.intranet,undefined,undefined,,,#bad1e5,#767676,#cfe5cf,"
#e8cc8b",#d44b2a
SRP_LN_SRV_sppeapp00111,Log Source,SURA ASSET MANAGEMENT PERU S.A,Peru,sppeapp00111,undefined,undefined,,,#bad1e5,#767676,#cfe5cf,"
#e8cc8b",#d44b2a
SRP_LN_SRV_SPPEAPP00114,Log Source,SURA ASSET MANAGEMENT PERU S.A,Peru,SPPEAPP00114,undefined,undefined,,,#bad1e5,#767676,#cfe5cf,"
#e8cc8b",#d44b2a
SRP_LN_SRV_SPPEAPP00115,Log Source,SURA ASSET MANAGEMENT PERU S.A,Peru,SPPEAPP00115,undefined,undefined,,,#bad1e5,#767676,#cfe5cf,"
#e8cc8b",#d44b2a
SRP_LN_SRV_SPPEAPP00116,Log Source,SURA ASSET MANAGEMENT PERU S.A,Peru,SPPEAPP00116,undefined,undefined,,,#bad1e5,#767676,#cfe5cf,"
#e8cc8b",#d44b2a
SRP_LN_SRV_SPPEAPP00117,Log Source,SURA ASSET MANAGEMENT PERU S.A,Peru,SPPEAPP00117,undefined,undefined,,,#bad1e5,#767676,#cfe5cf,"
#e8cc8b",#d44b2a
SRP_LN_SRV_SPPEESB00001,Log Source,SURA ASSET MANAGEMENT PERU S.A,Peru,SPPEESB00001,undefined,undefined,,,#bad1e5,#767676,#cfe5cf,"
#e8cc8b",#d44b2a
SRP_LN_SRV_SPPEINC00004,Log Source,SURA ASSET MANAGEMENT PERU S.A,Peru,SPPEINC00004,undefined,undefined,,,#bad1e5,#767676,#cfe5cf,"
#e8cc8b",#d44b2a
SRP_LN_SRV_sppeinc00005,Log Source,SURA ASSET MANAGEMENT PERU S.A,Peru,sppeinc00005,undefined,undefined,,,#bad1e5,#767676,#cfe5cf,"
#e8cc8b",#d44b2a
SRP_LN_SRV_SPPELBL00114,Log Source,SURA ASSET MANAGEMENT PERU S.A,Peru,SPPELBL00114,undefined,undefined,,,#bad1e5,#767676,#cfe5cf,"
#e8cc8b",#d44b2a
SRP_LN_SRV_SPPELBL00115,Log Source,SURA ASSET MANAGEMENT PERU S.A,Peru,SPPELBL00115,undefined,undefined,,,#bad1e5,#767676,#cfe5cf,"
#e8cc8b",#d44b2a
SRP_LN_SRV_SPPEWEB00114,Log Source,SURA ASSET MANAGEMENT PERU S.A,Peru,SPPEWEB00114,undefined,undefined,,,#bad1e5,#767676,#cfe5cf,"
#e8cc8b",#d44b2a
SRP_LN_SRV_SPPEWSA0001.PE.INTRANET,Log Source,SURA ASSET MANAGEMENT PERU S.A,Peru,SPPEWSA0001.PE.INTRANET,undefined,undefined,,,#bad1e5,#767676,#cfe5cf,"
#e8cc8b",#d44b2a
SRP_LN_SRV_srvdmz01,Log Source,SURA ASSET MANAGEMENT PERU S.A,Peru,srvdmz01,undefined,undefined,,,#bad1e5,#767676,#cfe5cf,"
#e8cc8b",#d44b2a
SRP_MS_AD_SCPEINF00009,Log Source,SURA ASSET MANAGEMENT PERU S.A,Peru,SCPEINF00009,undefined,undefined,,,#bad1e5,#767676,#cfe5cf,"
#e8cc8b",#d44b2a
SRP_MS_AD_SPPEINF00001,Log Source,SURA ASSET MANAGEMENT PERU S.A,Peru,SPPEINF00001,undefined,undefined,,,#bad1e5,#767676,#cfe5cf,"
#e8cc8b",#d44b2a
SRP_MS_AD_SPPEINF00002,Log Source,SURA ASSET MANAGEMENT PERU S.A,Peru,SPPEINF00002,undefined,undefined,,,#bad1e5,#767676,#cfe5cf,"
#e8cc8b",#d44b2a
SRP_MS_AD_SPPEINF00008,Log Source,SURA ASSET MANAGEMENT PERU S.A,Peru,SPPEINF00008,undefined,undefined,,,#bad1e5,#767676,#cfe5cf,"
#e8cc8b",#d44b2a
SRP_MS_BD_SPPEDBS00005,Log Source,SURA ASSET MANAGEMENT PERU S.A,Peru,SPPEDBS00005@10.219.64.88,undefined,undefined,,,#bad1e5,#767676,#cfe5cf,"
#e8cc8b",#d44b2a
SRP_MS_BD_sppedbs00012,Log Source,SURA ASSET MANAGEMENT PERU S.A,Peru,DB2@10.219.65.59,undefined,undefined,,,#bad1e5,#767676,#cfe5cf,"
#e8cc8b",#d44b2a
SRP_MS_BD_SPPEDBS00014,Log Source,SURA ASSET MANAGEMENT PERU S.A,Peru,SPPEDBS00014@10.219.64.248,undefined,undefined,,,#bad1e5,#767676,#cfe5cf,"
#e8cc8b",#d44b2a
SRP_MS_BD_SPPEDBS00015,Log Source,SURA ASSET MANAGEMENT PERU S.A,Peru,SPPEDBS00015@10.219.65.111,undefined,undefined,,,#bad1e5,#767676,#cfe5cf,"
#e8cc8b",#d44b2a
SRP_MS_BD_SPPEDBS00016,Log Source,SURA ASSET MANAGEMENT PERU S.A,Peru,SPPEDBS00016@10.219.65.122,undefined,undefined,,,#bad1e5,#767676,#cfe5cf,"
#e8cc8b",#d44b2a
SRP_MS_BD_SPPEDBS00017,Log Source,SURA ASSET MANAGEMENT PERU S.A,Peru,SPPEDBS00017@10.219.65.154,undefined,undefined,,,#bad1e5,#767676,#cfe5cf,"
#e8cc8b",#d44b2a
SRP_MS_BD_SPPEDBS00018,Log Source,SURA ASSET MANAGEMENT PERU S.A,Peru,SPPEDBS00018@10.219.65.15,undefined,undefined,,,#bad1e5,#767676,#cfe5cf,"
#e8cc8b",#d44b2a
SRP_MS_BD_SPPEDBS00019,Log Source,SURA ASSET MANAGEMENT PERU S.A,Peru,SPPEDBS00019@10.219.64.109,undefined,undefined,,,#bad1e5,#767676,#cfe5cf,"
#e8cc8b",#d44b2a
SRP_MS_BD_SPPEDBS00020,Log Source,SURA ASSET MANAGEMENT PERU S.A,Peru,SPPEDBS00020@10.219.64.120,undefined,undefined,,,#bad1e5,#767676,#cfe5cf,"
#e8cc8b",#d44b2a
SRP_MS_BD_SPPEDBS00021,Log Source,SURA ASSET MANAGEMENT PERU S.A,Peru,SPPEDBS00021@10.219.66.90,undefined,undefined,,,#bad1e5,#767676,#cfe5cf,"
#e8cc8b",#d44b2a
SRP_MS_BD_sppedbs00022,Log Source,SURA ASSET MANAGEMENT PERU S.A,Peru,sppedbs00022@10.219.64.118,undefined,undefined,,,#bad1e5,#767676,#cfe5cf,"
#e8cc8b",#d44b2a
SRP_MS_BD_SPPEDBS00024,Log Source,SURA ASSET MANAGEMENT PERU S.A,Peru,SPPEDBS00024@10.219.65.175,undefined,undefined,,,#bad1e5,#767676,#cfe5cf,"
#e8cc8b",#d44b2a
SRP_MS_BD_sppedbs00025,Log Source,SURA ASSET MANAGEMENT PERU S.A,Peru,sppedbs00025@10.219.65.176,undefined,undefined,,,#bad1e5,#767676,#cfe5cf,"
#e8cc8b",#d44b2a
SRP_MS_BD_SPPEDBS00104_1,Log Source,SURA ASSET MANAGEMENT PERU S.A,Peru,SPPEDBS00104_1@10.219.67.148,undefined,undefined,,,#bad1e5,#767676,#cfe5cf,"
#e8cc8b",#d44b2a
SRP_MS_BD_SPPEDBS00104_2,Log Source,SURA ASSET MANAGEMENT PERU S.A,Peru,SPPEDBS00104_2@10.219.67.148,undefined,undefined,,,#bad1e5,#767676,#cfe5cf,"
#e8cc8b",#d44b2a
SRP_MS_BD_SPPEDBS00104_SQL,Log Source,SURA ASSET MANAGEMENT PERU S.A,Peru,SPPEDBS00104_SQL@10.219.67.148,undefined,undefined,,,#bad1e5,#767676,#cfe5cf,"
#e8cc8b",#d44b2a
SRP_MS_BD_SPPEDBS00105,Log Source,SURA ASSET MANAGEMENT PERU S.A,Peru,SPPEDBS00105@10.219.114.55,undefined,undefined,,,#bad1e5,#767676,#cfe5cf,"
#e8cc8b",#d44b2a
SRP_MS_BD_SPPEDBS00120,Log Source,SURA ASSET MANAGEMENT PERU S.A,Peru,SPPEDBS00120@10.219.114.167,undefined,undefined,,,#bad1e5,#767676,#cfe5cf,"
#e8cc8b",#d44b2a
SRP_MS_MAL_Office_365,Log Source,SURA ASSET MANAGEMENT PERU S.A,Peru,Office_365_Sura_P,undefined,undefined,,,#bad1e5,#767676,#cfe5cf,"
#e8cc8b",#d44b2a
SRP_MS_SRV_10.219.114.51,Log Source,SURA ASSET MANAGEMENT PERU S.A,Peru,10.219.114.51,undefined,undefined,,,#bad1e5,#767676,#cfe5cf,"
#e8cc8b",#d44b2a
SRP_MS_SRV_10.219.114.52,Log Source,SURA ASSET MANAGEMENT PERU S.A,Peru,10.219.114.52,undefined,undefined,,,#bad1e5,#767676,#cfe5cf,"
#e8cc8b",#d44b2a
SRP_MS_SRV_10.219.114.55,Log Source,SURA ASSET MANAGEMENT PERU S.A,Peru,10.219.114.55,undefined,undefined,,,#bad1e5,#767676,#cfe5cf,"
#e8cc8b",#d44b2a
SRP_MS_SRV_10.219.114.56,Log Source,SURA ASSET MANAGEMENT PERU S.A,Peru,10.219.114.56,undefined,undefined,,,#bad1e5,#767676,#cfe5cf,"
#e8cc8b",#d44b2a
SRP_MS_SRV_10.219.114.57,Log Source,SURA ASSET MANAGEMENT PERU S.A,Peru,10.219.114.57,undefined,undefined,,,#bad1e5,#767676,#cfe5cf,"
#e8cc8b",#d44b2a
SRP_MS_SRV_10.219.114.63,Log Source,SURA ASSET MANAGEMENT PERU S.A,Peru,10.219.114.63,undefined,undefined,,,#bad1e5,#767676,#cfe5cf,"
#e8cc8b",#d44b2a
SRP_MS_SRV_10.219.64.102,Log Source,SURA ASSET MANAGEMENT PERU S.A,Peru,10.219.64.102,undefined,undefined,,,#bad1e5,#767676,#cfe5cf,"
#e8cc8b",#d44b2a
SRP_MS_SRV_10.219.64.103,Log Source,SURA ASSET MANAGEMENT PERU S.A,Peru,10.219.64.103,undefined,undefined,,,#bad1e5,#767676,#cfe5cf,"
#e8cc8b",#d44b2a
SRP_MS_SRV_10.219.64.109,Log Source,SURA ASSET MANAGEMENT PERU S.A,Peru,10.219.64.109,undefined,undefined,,,#bad1e5,#767676,#cfe5cf,"
#e8cc8b",#d44b2a
SRP_MS_SRV_10.219.64.116,Log Source,SURA ASSET MANAGEMENT PERU S.A,Peru,10.219.64.116,undefined,undefined,,,#bad1e5,#767676,#cfe5cf,"
#e8cc8b",#d44b2a
SRP_MS_SRV_10.219.64.118,Log Source,SURA ASSET MANAGEMENT PERU S.A,Peru,10.219.64.118,undefined,undefined,,,#bad1e5,#767676,#cfe5cf,"
#e8cc8b",#d44b2a
SRP_MS_SRV_10.219.64.120,Log Source,SURA ASSET MANAGEMENT PERU S.A,Peru,10.219.64.120,undefined,undefined,,,#bad1e5,#767676,#cfe5cf,"
#e8cc8b",#d44b2a
SRP_MS_SRV_10.219.64.127,Log Source,SURA ASSET MANAGEMENT PERU S.A,Peru,10.219.64.127,undefined,undefined,,,#bad1e5,#767676,#cfe5cf,"
#e8cc8b",#d44b2a
SRP_MS_SRV_10.219.64.165,Log Source,SURA ASSET MANAGEMENT PERU S.A,Peru,10.219.64.165,undefined,undefined,,,#bad1e5,#767676,#cfe5cf,"
#e8cc8b",#d44b2a
SRP_MS_SRV_10.219.64.168,Log Source,SURA ASSET MANAGEMENT PERU S.A,Peru,10.219.64.168,undefined,undefined,,,#bad1e5,#767676,#cfe5cf,"
#e8cc8b",#d44b2a
SRP_MS_SRV_10.219.64.177,Log Source,SURA ASSET MANAGEMENT PERU S.A,Peru,10.219.64.177,undefined,undefined,,,#bad1e5,#767676,#cfe5cf,"
#e8cc8b",#d44b2a
SRP_MS_SRV_10.219.64.213,Log Source,SURA ASSET MANAGEMENT PERU S.A,Peru,10.219.64.213,undefined,undefined,,,#bad1e5,#767676,#cfe5cf,"
#e8cc8b",#d44b2a
SRP_MS_SRV_10.219.64.219,Log Source,SURA ASSET MANAGEMENT PERU S.A,Peru,10.219.64.219,undefined,undefined,,,#bad1e5,#767676,#cfe5cf,"
#e8cc8b",#d44b2a
SRP_MS_SRV_10.219.64.24,Log Source,SURA ASSET MANAGEMENT PERU S.A,Peru,10.219.64.24,undefined,undefined,,,#bad1e5,#767676,#cfe5cf,"
#e8cc8b",#d44b2a
SRP_MS_SRV_10.219.64.247,Log Source,SURA ASSET MANAGEMENT PERU S.A,Peru,10.219.64.247,undefined,undefined,,,#bad1e5,#767676,#cfe5cf,"
#e8cc8b",#d44b2a
SRP_MS_SRV_10.219.64.67,Log Source,SURA ASSET MANAGEMENT PERU S.A,Peru,10.219.64.67,undefined,undefined,,,#bad1e5,#767676,#cfe5cf,"
#e8cc8b",#d44b2a
SRP_MS_SRV_10.219.64.80,Log Source,SURA ASSET MANAGEMENT PERU S.A,Peru,10.219.64.80,undefined,undefined,,,#bad1e5,#767676,#cfe5cf,"
#e8cc8b",#d44b2a
SRP_MS_SRV_10.219.64.92,Log Source,SURA ASSET MANAGEMENT PERU S.A,Peru,10.219.64.92,undefined,undefined,,,#bad1e5,#767676,#cfe5cf,"
#e8cc8b",#d44b2a
SRP_MS_SRV_10.219.65.11,Log Source,SURA ASSET MANAGEMENT PERU S.A,Peru,10.219.65.11,undefined,undefined,,,#bad1e5,#767676,#cfe5cf,"
#e8cc8b",#d44b2a
SRP_MS_SRV_10.219.65.111,Log Source,SURA ASSET MANAGEMENT PERU S.A,Peru,10.219.65.111,undefined,undefined,,,#bad1e5,#767676,#cfe5cf,"
#e8cc8b",#d44b2a
SRP_MS_SRV_10.219.65.122,Log Source,SURA ASSET MANAGEMENT PERU S.A,Peru,10.219.65.122,undefined,undefined,,,#bad1e5,#767676,#cfe5cf,"
#e8cc8b",#d44b2a
SRP_MS_SRV_10.219.65.130,Log Source,SURA ASSET MANAGEMENT PERU S.A,Peru,10.219.65.130,undefined,undefined,,,#bad1e5,#767676,#cfe5cf,"
#e8cc8b",#d44b2a
SRP_MS_SRV_10.219.65.138,Log Source,SURA ASSET MANAGEMENT PERU S.A,Peru,10.219.65.138,undefined,undefined,,,#bad1e5,#767676,#cfe5cf,"
#e8cc8b",#d44b2a
SRP_MS_SRV_10.219.65.148,Log Source,SURA ASSET MANAGEMENT PERU S.A,Peru,10.219.65.148,undefined,undefined,,,#bad1e5,#767676,#cfe5cf,"
#e8cc8b",#d44b2a
SRP_MS_SRV_10.219.65.15,Log Source,SURA ASSET MANAGEMENT PERU S.A,Peru,10.219.65.15,undefined,undefined,,,#bad1e5,#767676,#cfe5cf,"
#e8cc8b",#d44b2a
SRP_MS_SRV_10.219.65.154,Log Source,SURA ASSET MANAGEMENT PERU S.A,Peru,10.219.65.154,undefined,undefined,,,#bad1e5,#767676,#cfe5cf,"
#e8cc8b",#d44b2a
SRP_MS_SRV_10.219.65.175,Log Source,SURA ASSET MANAGEMENT PERU S.A,Peru,10.219.65.175,undefined,undefined,,,#bad1e5,#767676,#cfe5cf,"
#e8cc8b",#d44b2a
SRP_MS_SRV_10.219.65.176,Log Source,SURA ASSET MANAGEMENT PERU S.A,Peru,10.219.65.176,undefined,undefined,,,#bad1e5,#767676,#cfe5cf,"
#e8cc8b",#d44b2a
SRP_MS_SRV_10.219.65.191,Log Source,SURA ASSET MANAGEMENT PERU S.A,Peru,10.219.65.191,undefined,undefined,,,#bad1e5,#767676,#cfe5cf,"
#e8cc8b",#d44b2a
SRP_MS_SRV_10.219.66.90,Log Source,SURA ASSET MANAGEMENT PERU S.A,Peru,10.219.66.90,undefined,undefined,,,#bad1e5,#767676,#cfe5cf,"
#e8cc8b",#d44b2a
SRP_MS_SRV_10.219.67.148,Log Source,SURA ASSET MANAGEMENT PERU S.A,Peru,10.219.67.148,undefined,undefined,,,#bad1e5,#767676,#cfe5cf,"
#e8cc8b",#d44b2a
SRP_MS_SRV_10.219.95.119,Log Source,SURA ASSET MANAGEMENT PERU S.A,Peru,10.219.95.119,undefined,undefined,,,#bad1e5,#767676,#cfe5cf,"
#e8cc8b",#d44b2a
SRP_MS_SRV_192.168.10.15,Log Source,SURA ASSET MANAGEMENT PERU S.A,Peru,192.168.10.15,undefined,undefined,,,#bad1e5,#767676,#cfe5cf,"
#e8cc8b",#d44b2a
SRP_MS_SRV_192.168.10.3,Log Source,SURA ASSET MANAGEMENT PERU S.A,Peru,192.168.10.3,undefined,undefined,,,#bad1e5,#767676,#cfe5cf,"
#e8cc8b",#d44b2a
SRP_MS_SRV_SPPEAPP00060,Log Source,SURA ASSET MANAGEMENT PERU S.A,Peru,SPPEAPP00060,undefined,undefined,,,#bad1e5,#767676,#cfe5cf,"
#e8cc8b",#d44b2a
SRP_MS_SRV_SPPEAPP00063,Log Source,SURA ASSET MANAGEMENT PERU S.A,Peru,SPPEAPP00063,undefined,undefined,,,#bad1e5,#767676,#cfe5cf,"
#e8cc8b",#d44b2a
SRP_MS_SRV_SPPEAPP00064,Log Source,SURA ASSET MANAGEMENT PERU S.A,Peru,SPPEAPP00064,undefined,undefined,,,#bad1e5,#767676,#cfe5cf,"
#e8cc8b",#d44b2a
SRP_MS_SRV_SPPEAPP00067,Log Source,SURA ASSET MANAGEMENT PERU S.A,Peru,SPPEAPP00067,undefined,undefined,,,#bad1e5,#767676,#cfe5cf,"
#e8cc8b",#d44b2a
SRP_MS_SRV_SPPEAPP00094,Log Source,SURA ASSET MANAGEMENT PERU S.A,Peru,SPPEAPP00094,undefined,undefined,,,#bad1e5,#767676,#cfe5cf,"
#e8cc8b",#d44b2a
SRP_MS_SRV_SPPEAPP00104,Log Source,SURA ASSET MANAGEMENT PERU S.A,Peru,SPPEAPP00104,undefined,undefined,,,#bad1e5,#767676,#cfe5cf,"
#e8cc8b",#d44b2a
SRP_MS_SRV_SPPEAPP00173,Log Source,SURA ASSET MANAGEMENT PERU S.A,Peru,SPPEAPP00173,undefined,undefined,,,#bad1e5,#767676,#cfe5cf,"
#e8cc8b",#d44b2a
SRP_MS_SRV_SPPEDBS00005,Log Source,SURA ASSET MANAGEMENT PERU S.A,Peru,SPPEDBS00005,undefined,undefined,,,#bad1e5,#767676,#cfe5cf,"
#e8cc8b",#d44b2a
SRP_MS_SRV_SPPEDBS00120,Log Source,SURA ASSET MANAGEMENT PERU S.A,Peru,SPPEDBS00120,undefined,undefined,,,#bad1e5,#767676,#cfe5cf,"
#e8cc8b",#d44b2a
SRP_MS_SRV_SPPELBL00001,Log Source,SURA ASSET MANAGEMENT PERU S.A,Peru,SPPELBL00001,undefined,undefined,,,#bad1e5,#767676,#cfe5cf,"
#e8cc8b",#d44b2a
SRP_OR_BD_ASUR,Log Source,SURA ASSET MANAGEMENT PERU S.A,Peru,ASUR@10.219.114.63,undefined,undefined,,,#bad1e5,#767676,#cfe5cf,"
#e8cc8b",#d44b2a
SRP_OR_BD_IGAM,Log Source,SURA ASSET MANAGEMENT PERU S.A,Peru,IGAM@10.219.114.63,undefined,undefined,,,#bad1e5,#767676,#cfe5cf,"
#e8cc8b",#d44b2a
SRP_SF_CRM_Salesforce,Log Source,SURA ASSET MANAGEMENT PERU S.A,Peru,Sura_P_Salesforce,undefined,undefined,,,#bad1e5,#767676,#cfe5cf,"
#e8cc8b",#d44b2a
SRP_SN_KS_SURACOLLECTOR1,Log Source,SURA ASSET MANAGEMENT PERU S.A,Peru,SURACOLLECTOR1,undefined,undefined,,,#bad1e5,#767676,#cfe5cf,"
#e8cc8b",#d44b2a
SRP_SN_KS_SURACOLLECTOR2,Log Source,SURA ASSET MANAGEMENT PERU S.A,Peru,SURACOLLECTOR2,undefined,undefined,,,#bad1e5,#767676,#cfe5cf,"
#e8cc8b",#d44b2a
SRP_SN_KS_SURACOLLECTOR3,Log Source,SURA ASSET MANAGEMENT PERU S.A,Peru,SURACOLLECTOR3,undefined,undefined,,,#bad1e5,#767676,#cfe5cf,"
#e8cc8b",#d44b2a
SRP_SW_PRX_SPPEWSA0001.PE.INTRANET,Log Source,SURA ASSET MANAGEMENT PERU S.A,Peru,SPPEWSA0001.PE.INTRANET,undefined,undefined,,,#bad1e5,#767676,#cfe5cf,"
#e8cc8b",#d44b2a
SRP_SW_PRX_sppewsa0002.pe.intranet,Log Source,SURA ASSET MANAGEMENT PERU S.A,Peru,sppewsa0002.pe.intranet,undefined,undefined,,,#bad1e5,#767676,#cfe5cf,"
#e8cc8b",#d44b2a
SRP_SY_EP_10.219.64.56,Log Source,SURA ASSET MANAGEMENT PERU S.A,Peru,10.219.64.56,undefined,undefined,,,#bad1e5,#767676,#cfe5cf,"
#e8cc8b",#d44b2a
SRP_TC_SW_10.219.64.213,Log Source,SURA ASSET MANAGEMENT PERU S.A,Peru,10.219.64.213,undefined,undefined,,,#bad1e5,#767676,#cfe5cf,"
#e8cc8b",#d44b2a
SRP_VM_SRV_10.219.64.91,Log Source,SURA ASSET MANAGEMENT PERU S.A,Peru,10.219.64.91,undefined,undefined,,,#bad1e5,#767676,#cfe5cf,"
#e8cc8b",#d44b2a
SRP_VM_SRV_PLM-F5-SURA-02.pe.intranet,Log Source,SURA ASSET MANAGEMENT PERU S.A,Peru,PLM-F5-SURA-02.pe.intranet,undefined,undefined,,,#bad1e5,#767676,#cfe5cf,"
#e8cc8b",#d44b2a
SRP_VM_SRV_SPPELBL00114,Log Source,SURA ASSET MANAGEMENT PERU S.A,Peru,SPPELBL00114,undefined,undefined,,,#bad1e5,#767676,#cfe5cf,"
#e8cc8b",#d44b2a
SRP_VM_SRV_SPPELBL00115,Log Source,SURA ASSET MANAGEMENT PERU S.A,Peru,SPPELBL00115,undefined,undefined,,,#bad1e5,#767676,#cfe5cf,"
#e8cc8b",#d44b2a
SRP_VM_SRV_SPPEWEB00114,Log Source,SURA ASSET MANAGEMENT PERU S.A,Peru,SPPEWEB00114,undefined,undefined,,,#bad1e5,#767676,#cfe5cf,"
#e8cc8b",#d44b2a
SRP_VM_SRV_srvdmz01,Log Source,SURA ASSET MANAGEMENT PERU S.A,Peru,srvdmz01,undefined,undefined,,,#bad1e5,#767676,#cfe5cf,"
#e8cc8b",#d44b2a
SRP_VM_SRV_SURACOLLECTOR1,Log Source,SURA ASSET MANAGEMENT PERU S.A,Peru,SURACOLLECTOR1,undefined,undefined,,,#bad1e5,#767676,#cfe5cf,"
#e8cc8b",#d44b2a
SRP_AW_APP_Nube_Fondos,Log Source,SURA ASSET MANAGEMENT PERU S.A,Peru,Sura_Peru_AWS_fondos,undefined,undefined,,,#bad1e5,#767676,#cfe5cf,"
#e8cc8b",#d44b2a
SRP_AW_APP_Nube_Integra,Log Source,SURA ASSET MANAGEMENT PERU S.A,Peru,Sura_Peru_AWS,undefined,undefined,,,#bad1e5,#767676,#cfe5cf,"
#e8cc8b",#d44b2a
SRP_AW_APP_Nube_Integra_Consulta_360,Log Source,SURA ASSET MANAGEMENT PERU S.A,Peru,Sura_Peru_AWS_Integra_Consulta_360,undefined,undefined,,,#bad1e5,#767676,#cfe5cf,"
#e8cc8b",#d44b2a
SRP_AW_APP_Nube_Sab,Log Source,SURA ASSET MANAGEMENT PERU S.A,Peru,Sura_Peru_AWS_sab,undefined,undefined,,,#bad1e5,#767676,#cfe5cf,"
#e8cc8b",#d44b2a
SRP_AW_WAF_Nube_Cercania,Log Source,SURA ASSET MANAGEMENT PERU S.A,Peru,SRP_AW_WAF_Nube_Cercania,undefined,undefined,,,#bad1e5,#767676,#cfe5cf,"
#e8cc8b",#d44b2a
SRP_AW_WAF_Nube_Fondos_P,Log Source,SURA ASSET MANAGEMENT PERU S.A,Peru,Sura_P_AWS_WAF_Fondos_P,undefined,undefined,,,#bad1e5,#767676,#cfe5cf,"
#e8cc8b",#d44b2a
SRP_AX_SRV_par-f5-dns-sura-01.pe,Log Source,SURA ASSET MANAGEMENT PERU S.A,Peru,par-f5-dns-sura-01.pe,undefined,undefined,,,#bad1e5,#767676,#cfe5cf,"
#e8cc8b",#d44b2a
SRP_AX_SRV_PAR-F5-SURA-01.pe.intranet,Log Source,SURA ASSET MANAGEMENT PERU S.A,Peru,PAR-F5-SURA-01.pe.intranet,undefined,undefined,,,#bad1e5,#767676,#cfe5cf,"
#e8cc8b",#d44b2a
SRP_AX_SRV_plm-f5-dns-sura-01.pe,Log Source,SURA ASSET MANAGEMENT PERU S.A,Peru,plm-f5-dns-sura-01.pe,undefined,undefined,,,#bad1e5,#767676,#cfe5cf,"
#e8cc8b",#d44b2a
SRP_AX_SRV_plm-f5-dns-sura-02.pe,Log Source,SURA ASSET MANAGEMENT PERU S.A,Peru,plm-f5-dns-sura-02.pe,undefined,undefined,,,#bad1e5,#767676,#cfe5cf,"
#e8cc8b",#d44b2a
SRP_AX_SRV_PLM-F5-SURA-01.pe.intranet,Log Source,SURA ASSET MANAGEMENT PERU S.A,Peru,PLM-F5-SURA-01.pe.intranet,undefined,undefined,,,#bad1e5,#767676,#cfe5cf,"
#e8cc8b",#d44b2a
SRP_AX_SRV_PLM-F5-SURA-02,Log Source,SURA ASSET MANAGEMENT PERU S.A,Peru,PLM-F5-SURA-02,undefined,undefined,,,#bad1e5,#767676,#cfe5cf,"
#e8cc8b",#d44b2a
SRP_AX_SRV_PLM-F5-SURA-02.pe.intranet,Log Source,SURA ASSET MANAGEMENT PERU S.A,Peru,PLM-F5-SURA-02.pe.intranet,undefined,undefined,,,#bad1e5,#767676,#cfe5cf,"
#e8cc8b",#d44b2a
SRP_CP_MGT_10.219.50.4,Log Source,SURA ASSET MANAGEMENT PERU S.A,Peru,10.219.50.4,undefined,undefined,,,#bad1e5,#767676,#cfe5cf,"
#e8cc8b",#d44b2a
SRP_CS_FW_10.219.114.20,Log Source,SURA ASSET MANAGEMENT PERU S.A,Peru,Firepower_Sura_Peru_10.219.114.20,undefined,undefined,,,#bad1e5,#767676,#cfe5cf,"
#e8cc8b",#d44b2a
SRP_CS_FW_10.219.116.11,Log Source,SURA ASSET MANAGEMENT PERU S.A,Peru,10.219.116.11,undefined,undefined,,,#bad1e5,#767676,#cfe5cf,"
#e8cc8b",#d44b2a
SRP_CS_FW_10.219.116.14,Log Source,SURA ASSET MANAGEMENT PERU S.A,Peru,10.219.116.14,undefined,undefined,,,#bad1e5,#767676,#cfe5cf,"
#e8cc8b",#d44b2a
SRP_CS_FW_10.219.116.7,Log Source,SURA ASSET MANAGEMENT PERU S.A,Peru,10.219.116.7,undefined,undefined,,,#bad1e5,#767676,#cfe5cf,"
#e8cc8b",#d44b2a
SRP_CS_FW_10.219.116.9,Log Source,SURA ASSET MANAGEMENT PERU S.A,Peru,10.219.116.9,undefined,undefined,,,#bad1e5,#767676,#cfe5cf,"
#e8cc8b",#d44b2a
SRP_CS_FW_DRP,Log Source,SURA ASSET MANAGEMENT PERU S.A,Peru,10.219.116.12,undefined,undefined,,,#bad1e5,#767676,#cfe5cf,"
#e8cc8b",#d44b2a
SRP_CS_FW_Extranet,Log Source,SURA ASSET MANAGEMENT PERU S.A,Peru,10.219.116.8,undefined,undefined,,,#bad1e5,#767676,#cfe5cf,"
#e8cc8b",#d44b2a
SRP_CS_FW_Intranet,Log Source,SURA ASSET MANAGEMENT PERU S.A,Peru,10.219.116.6,undefined,undefined,,,#bad1e5,#767676,#cfe5cf,"
#e8cc8b",#d44b2a
SRP_CS_FW_VPN,Log Source,SURA ASSET MANAGEMENT PERU S.A,Peru,10.219.116.10,undefined,undefined,,,#bad1e5,#767676,#cfe5cf,"
#e8cc8b",#d44b2a
SRP_CS_SW_10.219.50.253,Log Source,SURA ASSET MANAGEMENT PERU S.A,Peru,10.219.50.253,undefined,undefined,,,#bad1e5,#767676,#cfe5cf,"
#e8cc8b",#d44b2a
SRP_CS_SW_10.219.50.254,Log Source,SURA ASSET MANAGEMENT PERU S.A,Peru,10.219.50.254,undefined,undefined,,,#bad1e5,#767676,#cfe5cf,"
#e8cc8b",#d44b2a
SRP_F5_APM_par-f5-dns-sura-01,Log Source,SURA ASSET MANAGEMENT PERU S.A,Peru,par-f5-dns-sura-01,undefined,undefined,,,#bad1e5,#767676,#cfe5cf,"
#e8cc8b",#d44b2a
SRP_F5_APM_par-f5-dns-sura-01.pe,Log Source,SURA ASSET MANAGEMENT PERU S.A,Peru,par-f5-dns-sura-01.pe,undefined,undefined,,,#bad1e5,#767676,#cfe5cf,"
#e8cc8b",#d44b2a
SRP_F5_APM_PAR-F5-SURA-01.pe.intranet,Log Source,SURA ASSET MANAGEMENT PERU S.A,Peru,PAR-F5-SURA-01.pe.intranet,undefined,undefined,,,#bad1e5,#767676,#cfe5cf,"
#e8cc8b",#d44b2a
SRP_F5_APM_plm-f5-dns-sura-01,Log Source,SURA ASSET MANAGEMENT PERU S.A,Peru,plm-f5-dns-sura-01,undefined,undefined,,,#bad1e5,#767676,#cfe5cf,"
#e8cc8b",#d44b2a
SRP_F5_APM_plm-f5-dns-sura-01.pe,Log Source,SURA ASSET MANAGEMENT PERU S.A,Peru,plm-f5-dns-sura-01.pe,undefined,undefined,,,#bad1e5,#767676,#cfe5cf,"
#e8cc8b",#d44b2a
SRP_F5_APM_plm-f5-dns-sura-02,Log Source,SURA ASSET MANAGEMENT PERU S.A,Peru,plm-f5-dns-sura-02,undefined,undefined,,,#bad1e5,#767676,#cfe5cf,"
#e8cc8b",#d44b2a
SRP_F5_APM_plm-f5-dns-sura-02.pe,Log Source,SURA ASSET MANAGEMENT PERU S.A,Peru,plm-f5-dns-sura-02.pe,undefined,undefined,,,#bad1e5,#767676,#cfe5cf,"
#e8cc8b",#d44b2a
SRP_F5_APM_PLM-F5-SURA-01,Log Source,SURA ASSET MANAGEMENT PERU S.A,Peru,PLM-F5-SURA-01,undefined,undefined,,,#bad1e5,#767676,#cfe5cf,"
#e8cc8b",#d44b2a
SRP_F5_APM_PLM-F5-SURA-01.pe.intranet,Log Source,SURA ASSET MANAGEMENT PERU S.A,Peru,PLM-F5-SURA-01.pe.intranet,undefined,undefined,,,#bad1e5,#767676,#cfe5cf,"
#e8cc8b",#d44b2a
SRP_F5_APM_PLM-F5-SURA-02,Log Source,SURA ASSET MANAGEMENT PERU S.A,Peru,PLM-F5-SURA-02,undefined,undefined,,,#bad1e5,#767676,#cfe5cf,"
#e8cc8b",#d44b2a
SRP_F5_APM_PLM-F5-SURA-02.pe.intranet,Log Source,SURA ASSET MANAGEMENT PERU S.A,Peru,PLM-F5-SURA-02.pe.intranet,undefined,undefined,,,#bad1e5,#767676,#cfe5cf,"
#e8cc8b",#d44b2a
SRP_FP_PRX_par-f5-dns-sura-01.pe,Log Source,SURA ASSET MANAGEMENT PERU S.A,Peru,par-f5-dns-sura-01.pe,undefined,undefined,,,#bad1e5,#767676,#cfe5cf,"
#e8cc8b",#d44b2a
SRP_FP_PRX_PAR-F5-SURA-01.pe.intranet,Log Source,SURA ASSET MANAGEMENT PERU S.A,Peru,PAR-F5-SURA-01.pe.intranet,undefined,undefined,,,#bad1e5,#767676,#cfe5cf,"
#e8cc8b",#d44b2a
SRP_FP_PRX_plm-f5-dns-sura-01.pe,Log Source,SURA ASSET MANAGEMENT PERU S.A,Peru,plm-f5-dns-sura-01.pe,undefined,undefined,,,#bad1e5,#767676,#cfe5cf,"
#e8cc8b",#d44b2a
SRP_FP_PRX_plm-f5-dns-sura-02.pe,Log Source,SURA ASSET MANAGEMENT PERU S.A,Peru,plm-f5-dns-sura-02.pe,undefined,undefined,,,#bad1e5,#767676,#cfe5cf,"
#e8cc8b",#d44b2a
SRP_FP_PRX_PLM-F5-SURA-01,Log Source,SURA ASSET MANAGEMENT PERU S.A,Peru,PLM-F5-SURA-01,undefined,undefined,,,#bad1e5,#767676,#cfe5cf,"
#e8cc8b",#d44b2a
SRP_FP_PRX_PLM-F5-SURA-02,Log Source,SURA ASSET MANAGEMENT PERU S.A,Peru,PLM-F5-SURA-02,undefined,undefined,,,#bad1e5,#767676,#cfe5cf,"
#e8cc8b",#d44b2a
SRP_FP_PRX_PLM-F5-SURA-02.pe.intranet,Log Source,SURA ASSET MANAGEMENT PERU S.A,Peru,PLM-F5-SURA-02.pe.intranet,undefined,undefined,,,#bad1e5,#767676,#cfe5cf,"
#e8cc8b",#d44b2a
SRP_GC_GCP_desa,Log Source,SURA ASSET MANAGEMENT PERU S.A,Peru,GCP_Sura_Peru_desa,undefined,undefined,,,#bad1e5,#767676,#cfe5cf,"
#e8cc8b",#d44b2a
SRP_GC_GCP_Prod,Log Source,SURA ASSET MANAGEMENT PERU S.A,Peru,GCP_Sura_Peru_Prod,undefined,undefined,,,#bad1e5,#767676,#cfe5cf,"
#e8cc8b",#d44b2a
SRP_GC_GCP_test,Log Source,SURA ASSET MANAGEMENT PERU S.A,Peru,GCP_Sura_Peru_test,undefined,undefined,,,#bad1e5,#767676,#cfe5cf,"
#e8cc8b",#d44b2a
SRP_IB_SIF_AS400_SFTP,Log Source,SURA ASSET MANAGEMENT PERU S.A,Peru,10.219.65.102,undefined,undefined,,,#bad1e5,#767676,#cfe5cf,"
#e8cc8b",#d44b2a
SRP_IG_DP_SURACOLLECTOR1,Log Source,SURA ASSET MANAGEMENT PERU S.A,Peru,SURACOLLECTOR1,undefined,undefined,,,#bad1e5,#767676,#cfe5cf,"
#e8cc8b",#d44b2a
SRP_IG_DP_SURACOLLECTOR2,Log Source,SURA ASSET MANAGEMENT PERU S.A,Peru,SURACOLLECTOR2,undefined,undefined,,,#bad1e5,#767676,#cfe5cf,"
#e8cc8b",#d44b2a
SRP_IG_DP_SURACOLLECTOR3,Log Source,SURA ASSET MANAGEMENT PERU S.A,Peru,SURACOLLECTOR3,undefined,undefined,,,#bad1e5,#767676,#cfe5cf,"
#e8cc8b",#d44b2a
SRP_JP_RT_10.219.65.175,Log Source,SURA ASSET MANAGEMENT PERU S.A,Peru,10.219.65.175,undefined,undefined,,,#bad1e5,#767676,#cfe5cf,"
#e8cc8b",#d44b2a
SRP_JP_RT_10.219.67.83,Log Source,SURA ASSET MANAGEMENT PERU S.A,Peru,10.219.67.83,undefined,undefined,,,#bad1e5,#767676,#cfe5cf,"
#e8cc8b",#d44b2a
SRP_KA_AV_10.219.50.22,Log Source,SURA ASSET MANAGEMENT PERU S.A,Peru,KAV@10.219.50.22,undefined,undefined,,,#bad1e5,#767676,#cfe5cf,"
#e8cc8b",#d44b2a
SRP_KA_AV_10.219.64.118,Log Source,SURA ASSET MANAGEMENT PERU S.A,Peru,KAV@10.219.64.118,undefined,undefined,,,#bad1e5,#767676,#cfe5cf,"
#e8cc8b",#d44b2a
SRP_LN_PRX_sppewsa0002.pe.intranet,Log Source,SURA ASSET MANAGEMENT PERU S.A,Peru,sppewsa0002.pe.intranet,undefined,undefined,,,#bad1e5,#767676,#cfe5cf,"
#e8cc8b",#d44b2a
SRP_LN_SRV_10.219.64.177,Log Source,SURA ASSET MANAGEMENT PERU S.A,Peru,10.219.64.177,undefined,undefined,,,#bad1e5,#767676,#cfe5cf,"
#e8cc8b",#d44b2a
SRP_LN_SRV_10.219.64.91,Log Source,SURA ASSET MANAGEMENT PERU S.A,Peru,10.219.64.91,undefined,undefined,,,#bad1e5,#767676,#cfe5cf,"
#e8cc8b",#d44b2a
SRP_LN_SRV_par-f5-dns-sura-01.pe,Log Source,SURA ASSET MANAGEMENT PERU S.A,Peru,par-f5-dns-sura-01.pe,undefined,undefined,,,#bad1e5,#767676,#cfe5cf,"
#e8cc8b",#d44b2a
SRP_LN_SRV_PAR-F5-SURA-01.pe.intranet,Log Source,SURA ASSET MANAGEMENT PERU S.A,Peru,PAR-F5-SURA-01.pe.intranet,undefined,undefined,,,#bad1e5,#767676,#cfe5cf,"
#e8cc8b",#d44b2a
SRP_LN_SRV_plm-f5-dns-sura-01.pe,Log Source,SURA ASSET MANAGEMENT PERU S.A,Peru,plm-f5-dns-sura-01.pe,undefined,undefined,,,#bad1e5,#767676,#cfe5cf,"
#e8cc8b",#d44b2a
SRP_F5_APM_PAR-F5-LTM-SURA-01,Log Source,SURA ASSET MANAGEMENT PERU S.A,Peru,PAR-F5-LTM-SURA-01,undefined,undefined,,,#bad1e5,#767676,#cfe5cf,"
#e8cc8b",#d44b2a
SRP_F5_APM_PAR-F5-LTM-SURA-01.pe.intranet,Log Source,SURA ASSET MANAGEMENT PERU S.A,Peru,PAR-F5-LTM-SURA-01.pe.intranet,undefined,undefined,,,#bad1e5,#767676,#cfe5cf,"
#e8cc8b",#d44b2a
SRP_FP_PRX_PAR-F5-LTM-SURA-01.pe.intranet,Log Source,SURA ASSET MANAGEMENT PERU S.A,Peru,PAR-F5-LTM-SURA-01.pe.intranet,undefined,undefined,,,#bad1e5,#767676,#cfe5cf,"
#e8cc8b",#d44b2a
SRP_AX_SRV_PAR-F5-LTM-SURA-01.pe.intranet,Log Source,SURA ASSET MANAGEMENT PERU S.A,Peru,PAR-F5-LTM-SURA-01.pe.intranet,undefined,undefined,,,#bad1e5,#767676,#cfe5cf,"
#e8cc8b",#d44b2a
SRP_AX_SRV_PLM-F5-LTM-SURA-01.pe.intranet,Log Source,SURA ASSET MANAGEMENT PERU S.A,Peru,PLM-F5-LTM-SURA-01.pe.intranet,undefined,undefined,,,#bad1e5,#767676,#cfe5cf,"
#e8cc8b",#d44b2a
SRP_LN_SRV_PAR-F5-LTM-SURA-01.pe.intranet,Log Source,SURA ASSET MANAGEMENT PERU S.A,Peru,PAR-F5-LTM-SURA-01.pe.intranet,undefined,undefined,,,#bad1e5,#767676,#cfe5cf,"
#e8cc8b",#d44b2a
SRP_LN_SRV_PLM-F5-LTM-SURA-01.pe.intranet,Log Source,SURA ASSET MANAGEMENT PERU S.A,Peru,PLM-F5-LTM-SURA-01.pe.intranet,undefined,undefined,,,#bad1e5,#767676,#cfe5cf,"
#e8cc8b",#d44b2a
SRP_AW_WAF_Nube_Contratacion_D,Log Source,SURA ASSET MANAGEMENT PERU S.A,Peru,Contratacion digital,undefined,undefined,,,#bad1e5,#767676,#cfe5cf,"
#e8cc8b",#d44b2a
SRP_VM_SRV_PAR-F5-LTM-SURA-01.pe.intranet,Log Source,SURA ASSET MANAGEMENT PERU S.A,Peru,PAR-F5-LTM-SURA-01.pe.intranet,undefined,undefined,,,#bad1e5,#767676,#cfe5cf,"
#e8cc8b",#d44b2a
